ashburn:us-ashburn-1
phoenix:us-phoenix-1
london:uk-london-1
frankfurt:eu-frankfurt-1
toronto:ca-toronto-1
tokyo:ap-tokyo-1
seoul:ap-seoul-1
mumbai:ap-mumbai-1
sydney:ap-sydney-1
saopaulo:sa-saopaulo-1
zurich:eu-zurich-1